timestamp,symbol,base,market_venue,open,high,low,close,volume,trades,vwap
2022-07-27 00:00:00,BTC,USDT,BINANCE,21459.43,23112.63,21421.02,22952.45,120859.26615000004,2895679,22320.25
2022-07-28 00:00:00,BTC,USDT,BINANCE,22954.31,24199.72,22582.13,23842.93,321246.0664799998,9102640,23266.6
2022-07-29 00:00:00,BTC,USDT,BINANCE,23845.25,24442.66,23414.03,23773.75,198238.52330000018,6218869,23871.89
2022-07-30 00:00:00,BTC,USDT,BINANCE,23777.28,24668.0,23502.25,23643.51,151060.13211000015,4801528,24060.42
2022-07-31 00:00:00,BTC,USDT,BINANCE,23644.64,24194.82,23227.31,23293.32,127742.83334999988,4463704,23707.08
2022-08-01 00:00:00,BTC,USDT,BINANCE,23296.36,23509.68,22850.0,23268.01,144112.39139000006,4771732,23205.03
2022-08-02 00:00:00,BTC,USDT,BINANCE,23266.9,23459.89,22654.37,22987.79,158073.28225000013,5066511,22970.36
2022-08-03 00:00:00,BTC,USDT,BINANCE,22985.93,23647.68,22681.22,22818.37,145948.80995000017,4887642,23195.96
2022-08-04 00:00:00,BTC,USDT,BINANCE,22816.91,23223.32,22400.0,22622.98,154854.67015999957,4966138,22843.61
2022-08-05 00:00:00,BTC,USDT,BINANCE,22622.41,23472.86,22586.95,23312.42,175142.81690000003,5337106,23089.0
2022-08-06 00:00:00,BTC,USDT,BINANCE,23313.56,23354.36,22909.52,22954.21,83891.31254999981,3359075,23175.53
2022-08-07 00:00:00,BTC,USDT,BINANCE,22954.21,23402.0,22844.62,23174.39,88890.00876999993,3646643,23082.23
2022-08-08 00:00:00,BTC,USDT,BINANCE,23174.39,24245.0,23154.25,23810.0,170958.44152000037,5892045,23853.97
2022-08-09 00:00:00,BTC,USDT,BINANCE,23810.98,23933.25,22865.0,23149.95,143116.1179100003,5103493,23376.79
2022-08-10 00:00:00,BTC,USDT,BINANCE,23151.32,24226.0,22664.69,23954.05,208916.54953000005,6818207,23544.07
2022-08-11 00:00:00,BTC,USDT,BINANCE,23954.05,24918.54,23852.13,23934.39,249759.79557000034,8269994,24413.7
2022-08-12 00:00:00,BTC,USDT,BINANCE,23933.09,24456.5,23583.0,24403.68,173883.9194399999,6123919,23970.87
2022-08-13 00:00:00,BTC,USDT,BINANCE,24401.7,24888.0,24291.22,24441.38,152852.25435000006,5617859,24542.47
2022-08-14 00:00:00,BTC,USDT,BINANCE,24443.06,25047.56,24144.0,24305.24,151144.3021000001,5471132,24526.61
2022-08-15 00:00:00,BTC,USDT,BINANCE,24305.25,25211.32,23773.22,24094.82,242539.5475799999,7488466,24301.54
2022-08-16 00:00:00,BTC,USDT,BINANCE,24093.04,24247.49,23671.22,23854.74,179324.94821000012,5978567,23950.49
2022-08-17 00:00:00,BTC,USDT,BINANCE,23856.15,24446.71,23180.4,23342.66,210668.68765999985,6901586,23703.6
2022-08-18 00:00:00,BTC,USDT,BINANCE,23342.66,23600.0,23111.04,23191.2,144140.88780000005,6027008,23409.26
2022-08-19 00:00:00,BTC,USDT,BINANCE,23191.45,23208.67,20783.57,20834.39,283995.8774700004,8860928,21766.34
2022-08-20 00:00:00,BTC,USDT,BINANCE,20834.39,21382.85,20761.9,21140.07,183041.68363000004,5723362,21149.77
2022-08-21 00:00:00,BTC,USDT,BINANCE,21140.07,21800.0,21069.11,21515.61,159200.46933999984,5034431,21388.23
2022-08-22 00:00:00,BTC,USDT,BINANCE,21516.7,21548.71,20890.18,21399.83,222144.57162000018,6440736,21246.32
2022-08-23 00:00:00,BTC,USDT,BINANCE,21400.75,21684.87,20890.14,21529.12,200967.7716399999,6333442,21395.02
2022-08-24 00:00:00,BTC,USDT,BINANCE,21529.11,21900.0,21145.0,21368.08,174367.9637999997,5560580,21471.34
2022-08-25 00:00:00,BTC,USDT,BINANCE,21368.05,21819.88,21310.15,21559.04,169847.13372000004,5615698,21611.5
2022-08-26 00:00:00,BTC,USDT,BINANCE,21559.04,21886.77,20107.9,20241.05,273115.98474000016,7571702,21128.0
2022-08-27 00:00:00,BTC,USDT,BINANCE,20239.14,20402.93,19800.0,20037.6,162582.46031999972,5263328,20111.39
2022-08-28 00:00:00,BTC,USDT,BINANCE,20037.6,20171.18,19520.0,19555.61,139226.20387999993,4675156,19963.72
2022-08-29 00:00:00,BTC,USDT,BINANCE,19555.61,20433.62,19550.79,20285.73,210509.4954499996,5840323,20005.54
2022-08-30 00:00:00,BTC,USDT,BINANCE,20287.2,20576.25,19540.0,19811.66,256403.22619999977,6586557,20098.58
2022-08-31 00:00:00,BTC,USDT,BINANCE,19813.03,20490.0,19797.94,20050.02,276772.07580999995,6384175,20205.14
2022-09-01 00:00:00,BTC,USDT,BINANCE,20048.44,20208.37,19565.66,20131.46,245010.76501000012,5930880,19948.57
2022-09-02 00:00:00,BTC,USDT,BINANCE,20132.64,20441.26,19755.29,19951.86,245884.9966899997,5738252,20110.17
2022-09-03 00:00:00,BTC,USDT,BINANCE,19950.98,20055.93,19726.1,19824.88,73325.96742999993,1900695,19885.33
2022-09-04 00:00:00,BTC,USDT,BINANCE,19761.14,20029.23,19650.0,20000.3,90922.15451999994,2299491,19833.49
2022-09-05 00:00:00,BTC,USDT,BINANCE,20000.3,20057.27,19633.83,19796.84,222598.74193999998,4658304,19793.59
2022-09-06 00:00:00,BTC,USDT,BINANCE,19795.34,20180.0,18649.51,18790.61,356003.2837999994,7117898,19579.46
2022-09-07 00:00:00,BTC,USDT,BINANCE,18790.61,19464.06,18510.77,19292.84,287152.7797100005,5593043,18917.86
2022-09-08 00:00:00,BTC,USDT,BINANCE,19292.85,19458.25,19012.0,19319.77,262813.28273000015,6013826,19242.63
2022-09-09 00:00:00,BTC,USDT,BINANCE,19320.54,21597.22,19291.75,21360.11,428919.74652,7777214,20819.7
2022-09-10 00:00:00,BTC,USDT,BINANCE,21361.62,21810.8,21111.13,21648.34,464962.4265099998,8477011,21403.77
2022-09-11 00:00:00,BTC,USDT,BINANCE,21647.21,21860.0,21350.0,21826.87,346974.9904799999,5950017,21596.91
2022-09-12 00:00:00,BTC,USDT,BINANCE,21826.87,22488.0,21538.51,22395.74,395152.1907799996,6973554,22113.75
2022-09-13 00:00:00,BTC,USDT,BINANCE,22395.44,22799.0,19860.0,20173.57,428516.15354000026,8068416,21532.86
2022-09-14 00:00:00,BTC,USDT,BINANCE,20173.62,20541.48,19617.62,20226.71,340826.4015099996,6313052,20204.41
2022-09-15 00:00:00,BTC,USDT,BINANCE,20227.17,20330.24,19497.0,19701.88,333069.76075999945,6690974,19981.85
2022-09-16 00:00:00,BTC,USDT,BINANCE,19701.88,19890.0,19320.01,19803.3,283791.0706400002,5120935,19676.61
2022-09-17 00:00:00,BTC,USDT,BINANCE,19803.3,20189.0,19748.08,20113.62,179231.39816000033,3860885,19953.54
2022-09-18 00:00:00,BTC,USDT,BINANCE,20112.61,20117.26,19335.62,19416.18,254217.46904000005,4634096,19801.87
2022-09-19 00:00:00,BTC,USDT,BINANCE,19417.45,19686.2,18232.56,19537.02,378700.92237999913,6786324,18961.71
2022-09-20 00:00:00,BTC,USDT,BINANCE,19537.02,19634.62,18711.87,18875.0,324098.3286000003,5900070,19148.46
2022-09-21 00:00:00,BTC,USDT,BINANCE,18874.31,19956.0,18125.98,18461.36,382710.4266700004,6872514,19059.67
2022-09-22 00:00:00,BTC,USDT,BINANCE,18461.36,19550.17,18356.39,19401.63,379321.7211099997,6251862,18991.2
2022-09-23 00:00:00,BTC,USDT,BINANCE,19401.63,19500.0,18531.42,19289.91,385886.91829000064,5906265,18995.95
2022-09-24 00:00:00,BTC,USDT,BINANCE,19288.57,19316.14,18805.34,18920.5,239496.56746000022,3907636,19077.13
2022-09-25 00:00:00,BTC,USDT,BINANCE,18921.99,19180.21,18629.2,18807.38,191191.44920000012,3714450,18960.7
2022-09-26 00:00:00,BTC,USDT,BINANCE,18809.13,19318.96,18680.72,19227.82,439239.21942999924,5837041,19025.94
2022-09-27 00:00:00,BTC,USDT,BINANCE,19226.68,20385.86,18816.32,19079.13,592991.8836599995,8149336,19731.55
2022-09-28 00:00:00,BTC,USDT,BINANCE,19078.1,19790.0,18471.28,19412.82,521385.4554700004,7357437,19111.37
2022-09-29 00:00:00,BTC,USDT,BINANCE,19412.82,19645.52,18843.01,19591.51,406596.63833,5633433,19360.8
2022-09-30 00:00:00,BTC,USDT,BINANCE,19590.54,20185.0,19155.36,19422.61,444322.9534000005,6254203,19567.11
2022-10-01 00:00:00,BTC,USDT,BINANCE,19422.61,19484.0,19159.42,19310.95,165495.65215999982,2468820,19322.93
2022-10-02 00:00:00,BTC,USDT,BINANCE,19312.24,19395.91,18920.35,19056.8,206812.47032000005,3320217,19199.73
2022-10-03 00:00:00,BTC,USDT,BINANCE,19057.74,19719.1,18959.68,19629.08,293582.96169999987,4471864,19320.09
2022-10-04 00:00:00,BTC,USDT,BINANCE,19629.08,20475.0,19490.6,20337.82,327012.0012700002,4871932,19979.21
2022-10-05 00:00:00,BTC,USDT,BINANCE,20337.82,20365.6,19730.0,20158.26,312239.7522399998,4540004,20098.1
2022-10-06 00:00:00,BTC,USDT,BINANCE,20158.26,20456.6,19853.0,19960.67,319784.6555099999,5080043,20157.56
2022-10-07 00:00:00,BTC,USDT,BINANCE,19960.67,20068.82,19320.0,19530.09,220874.8391299998,4324772,19711.87
2022-10-08 00:00:00,BTC,USDT,BINANCE,19530.09,19627.38,19237.14,19417.96,102266.64496999998,2632829,19476.38
2022-10-09 00:00:00,BTC,USDT,BINANCE,19416.52,19558.0,19316.04,19439.02,113884.75736999989,2833050,19446.61
2022-10-10 00:00:00,BTC,USDT,BINANCE,19439.96,19525.0,19020.25,19131.87,212329.11115000007,4428849,19301.69
2022-10-11 00:00:00,BTC,USDT,BINANCE,19131.87,19268.09,18860.0,19060.0,243295.0028299999,4787737,19069.12
2022-10-12 00:00:00,BTC,USDT,BINANCE,19060.0,19238.31,18965.88,19155.53,213453.31754000002,4548656,19113.01
2022-10-13 00:00:00,BTC,USDT,BINANCE,19155.1,19513.79,18190.0,19375.13,399254.84726,7462743,18898.79
2022-10-14 00:00:00,BTC,USDT,BINANCE,19375.58,19951.87,19070.37,19176.93,351634.3260099997,6688310,19559.22
2022-10-15 00:00:00,BTC,USDT,BINANCE,19176.93,19227.68,18975.18,19069.39,113804.81933999997,3050600,19133.82
2022-10-16 00:00:00,BTC,USDT,BINANCE,19068.4,19425.84,19063.74,19262.98,131673.99538999985,3433811,19193.87
2022-10-17 00:00:00,BTC,USDT,BINANCE,19262.98,19676.96,19152.03,19549.86,222725.6008999999,5160371,19440.48
2022-10-18 00:00:00,BTC,USDT,BINANCE,19548.48,19706.66,19091.0,19327.44,259171.12116000013,5562027,19460.57
2022-10-19 00:00:00,BTC,USDT,BINANCE,19327.44,19360.16,19065.97,19123.97,185927.18498000025,4540046,19206.53
2022-10-20 00:00:00,BTC,USDT,BINANCE,19123.35,19347.82,18900.0,19041.92,223357.39819999988,5386073,19129.82
2022-10-21 00:00:00,BTC,USDT,BINANCE,19041.92,19250.0,18650.0,19164.37,269310.75769,5679281,19036.03
2022-10-22 00:00:00,BTC,USDT,BINANCE,19164.37,19257.0,19112.72,19204.35,110256.69505000024,2883318,19178.49
2022-10-23 00:00:00,BTC,USDT,BINANCE,19204.29,19695.0,19070.11,19570.4,167057.20184000008,3939703,19354.77
2022-10-24 00:00:00,BTC,USDT,BINANCE,19570.4,19601.15,19157.0,19329.72,256045.6319899999,5674027,19351.1
2022-10-25 00:00:00,BTC,USDT,BINANCE,19330.6,20415.87,19237.0,20080.07,324426.56195000035,7177188,19774.75
2022-10-26 00:00:00,BTC,USDT,BINANCE,20079.02,21020.0,20050.41,20771.59,380366.1675699996,8508438,20588.3
2022-10-27 00:00:00,BTC,USDT,BINANCE,20771.61,20872.21,20200.0,20295.11,328506.17316000006,7744664,20603.7
2022-10-28 00:00:00,BTC,USDT,BINANCE,20295.11,20750.0,20000.09,20591.84,287039.94568999956,6638096,20379.41
2022-10-29 00:00:00,BTC,USDT,BINANCE,20591.84,21085.0,20554.01,20809.67,254661.9659899999,6251296,20805.99
2022-10-30 00:00:00,BTC,USDT,BINANCE,20809.68,20931.21,20515.0,20627.48,192468.09531999996,4914282,20718.52
2022-10-31 00:00:00,BTC,USDT,BINANCE,20627.48,20845.92,20237.95,20490.74,303538.80393000034,6570404,20510.44
2022-11-01 00:00:00,BTC,USDT,BINANCE,20490.74,20700.0,20330.74,20483.62,279932.43770999997,5971938,20505.21
2022-11-02 00:00:00,BTC,USDT,BINANCE,20482.81,20800.0,20048.04,20151.84,373601.0307099999,7429043,20425.49
2022-11-03 00:00:00,BTC,USDT,BINANCE,20151.84,20393.32,20031.24,20207.82,319056.8759699998,6944775,20244.1
2022-11-04 00:00:00,BTC,USDT,BINANCE,20207.12,21302.05,20180.96,21148.52,453022.4376899996,9234168,20740.88
2022-11-05 00:00:00,BTC,USDT,BINANCE,21148.52,21480.65,21080.65,21299.37,245512.55873000005,5567614,21335.15
2022-11-06 00:00:00,BTC,USDT,BINANCE,21299.37,21365.27,20886.13,20905.58,229861.34043000016,5264402,21203.04
2022-11-07 00:00:00,BTC,USDT,BINANCE,20905.58,21069.77,20384.89,20591.13,386590.0929600002,8335089,20763.67
2022-11-08 00:00:00,BTC,USDT,BINANCE,20590.67,20700.88,17217.05,18547.23,748997.1145000007,14359523,19428.66
2022-11-09 00:00:00,BTC,USDT,BINANCE,18545.38,18587.76,15588.0,15922.81,731315.0611690009,13593205,17402.06
2022-11-10 00:00:00,BTC,USDT,BINANCE,15922.68,18199.0,15754.26,17601.15,605215.6634400011,12673616,16964.76
2022-11-11 00:00:00,BTC,USDT,BINANCE,17602.45,17695.0,16361.6,17070.31,393371.96402999957,9895954,17088.14
2022-11-12 00:00:00,BTC,USDT,BINANCE,17069.98,17119.1,16631.39,16812.08,167563.75447000028,5040741,16850.86
2022-11-13 00:00:00,BTC,USDT,BINANCE,16813.16,16954.28,16229.0,16329.85,184900.24546999985,5380180,16620.74
2022-11-14 00:00:00,BTC,USDT,BINANCE,16331.78,17190.0,15815.21,16619.46,379801.1181099996,9204087,16500.53
2022-11-15 00:00:00,BTC,USDT,BINANCE,16617.72,17134.69,16527.72,16900.57,282461.8439100003,7200265,16846.21
2022-11-16 00:00:00,BTC,USDT,BINANCE,16900.57,17015.92,16378.61,16662.76,261390.16088999997,6294160,16683.1
2022-11-17 00:00:00,BTC,USDT,BINANCE,16661.61,16751.0,16410.74,16692.56,227778.6504499999,5347315,16599.05
2022-11-18 00:00:00,BTC,USDT,BINANCE,16692.56,17011.0,16546.04,16700.45,214224.1818399998,5114799,16751.09
2022-11-19 00:00:00,BTC,USDT,BINANCE,16699.43,16822.41,16553.53,16700.68,104963.15558,3142123,16649.83
2022-11-20 00:00:00,BTC,USDT,BINANCE,16700.68,16753.33,16180.0,16280.23,154824.4941699999,4556010,16540.68
2022-11-21 00:00:00,BTC,USDT,BINANCE,16279.5,16319.0,15476.0,15781.29,322712.43265299976,7400526,16009.62
2022-11-22 00:00:00,BTC,USDT,BINANCE,15781.29,16315.0,15616.63,16226.94,239134.19051,6265434,15961.87
2022-11-23 00:00:00,BTC,USDT,BINANCE,16227.96,16706.0,16160.2,16603.11,264359.55278000014,6249517,16487.36
2022-11-24 00:00:00,BTC,USDT,BINANCE,16603.11,16812.63,16458.05,16598.95,206359.20343000008,5027684,16612.97
2022-11-25 00:00:00,BTC,USDT,BINANCE,16599.55,16666.0,16342.81,16522.14,182089.49533000015,4396465,16494.75
2022-11-26 00:00:00,BTC,USDT,BINANCE,16521.35,16701.99,16385.0,16458.57,181804.81665999966,3817130,16567.11
2022-11-27 00:00:00,BTC,USDT,BINANCE,16457.61,16600.0,16401.0,16428.78,162025.47606999995,3362221,16534.63
2022-11-28 00:00:00,BTC,USDT,BINANCE,16428.77,16487.04,15995.27,16212.91,252695.40367000006,5570407,16210.61
2022-11-29 00:00:00,BTC,USDT,BINANCE,16212.18,16548.71,16100.0,16442.53,248106.22490999987,5206621,16414.88
2022-11-30 00:00:00,BTC,USDT,BINANCE,16442.91,17249.0,16428.3,17163.64,303019.8071900002,6519330,16908.97
2022-12-01 00:00:00,BTC,USDT,BINANCE,17165.53,17236.29,17059.58,17115.76,54294.993720000006,1297007,17145.38
2022-12-08 00:00:00,BTC,USDT,BINANCE,17185.09,17279.76,17184.08,17224.1,21103.13592,283500,17223.44
2022-12-09 00:00:00,BTC,USDT,BINANCE,17224.1,17360.0,17058.21,17128.56,238400.12774999964,3387567,17187.71
2022-12-10 00:00:00,BTC,USDT,BINANCE,17128.56,17227.72,17092.0,17127.49,140573.9793700002,2459159,17157.7
2022-12-11 00:00:00,BTC,USDT,BINANCE,17127.49,17270.99,17071.0,17085.05,155286.47871000026,2633158,17153.63
2022-12-12 00:00:00,BTC,USDT,BINANCE,17085.05,17241.89,16871.85,17209.83,226224.16805000004,3614668,16995.33
2022-12-13 00:00:00,BTC,USDT,BINANCE,17208.93,18000.0,17080.14,17774.7,285337.55197000003,5188023,17519.09
2022-12-14 00:00:00,BTC,USDT,BINANCE,17775.82,18387.95,17660.94,17803.15,266681.2220900002,4785482,17922.61
2022-12-15 00:00:00,BTC,USDT,BINANCE,17804.01,17854.82,17275.51,17356.34,223701.9668100001,3973037,17538.59
2022-12-16 00:00:00,BTC,USDT,BINANCE,17356.96,17531.73,16527.32,16632.12,253378.6353900005,4757657,17005.99
2022-12-17 00:00:00,BTC,USDT,BINANCE,16631.5,16796.82,16579.85,16776.52,144825.6668400002,3304917,16694.75
2022-12-18 00:00:00,BTC,USDT,BINANCE,16777.54,16863.26,16663.07,16738.21,112619.31645999981,2766206,16734.8
2022-12-19 00:00:00,BTC,USDT,BINANCE,16739.0,16815.99,16256.3,16438.88,179094.28305,3807062,16645.78
2022-12-20 00:00:00,BTC,USDT,BINANCE,16438.88,17061.27,16397.2,16895.56,248808.17585999984,4756131,16787.44
2022-12-21 00:00:00,BTC,USDT,BINANCE,16896.15,16925.0,16723.0,16824.67,154138.50845000017,3463526,16825.66
2022-12-22 00:00:00,BTC,USDT,BINANCE,16824.68,16868.52,16559.85,16821.43,176044.2244099998,3727906,16755.21
2022-12-23 00:00:00,BTC,USDT,BINANCE,16821.9,16955.14,16731.13,16778.5,161611.95906999998,3623469,16831.64
2022-12-24 00:00:00,BTC,USDT,BINANCE,16778.52,16869.99,16776.62,16836.12,100224.29096000011,2381803,16829.74
2022-12-25 00:00:00,BTC,USDT,BINANCE,16835.73,16857.96,16721.0,16832.11,125441.07201999985,2756326,16811.51
2022-12-26 00:00:00,BTC,USDT,BINANCE,16832.11,16944.52,16791.0,16919.39,124573.31149999994,3042841,16851.07
2022-12-27 00:00:00,BTC,USDT,BINANCE,16919.39,16972.83,16592.37,16706.36,173752.65568999999,3914388,16796.57
2022-12-28 00:00:00,BTC,USDT,BINANCE,16706.06,16785.19,16465.33,16547.31,193038.31676999998,4326177,16633.53
2022-12-29 00:00:00,BTC,USDT,BINANCE,16547.32,16664.41,16488.91,16633.47,160998.47306999998,4097404,16594.35
2022-12-30 00:00:00,BTC,USDT,BINANCE,16633.47,16677.35,16333.0,16607.48,164916.3117399999,4310415,16534.72
2022-12-31 00:00:00,BTC,USDT,BINANCE,16607.48,16644.09,16470.0,16542.4,114490.41469000002,3344369,16569.46
2023-01-01 00:00:00,BTC,USDT,BINANCE,16541.77,16628.0,16499.01,16616.75,96925.41374000006,3218355,16557.02
2023-01-02 00:00:00,BTC,USDT,BINANCE,16617.17,16799.23,16548.7,16672.87,121888.57190999991,4036118,16693.2
2023-01-03 00:00:00,BTC,USDT,BINANCE,16672.78,16778.4,16605.28,16675.18,159540.60408000016,5097538,16690.16
2023-01-04 00:00:00,BTC,USDT,BINANCE,16675.65,16991.87,16652.66,16850.36,220362.18861999988,6310703,16835.08
2023-01-05 00:00:00,BTC,USDT,BINANCE,16850.36,16879.82,16753.0,16831.85,163473.5664100002,4842014,16828.94
2023-01-06 00:00:00,BTC,USDT,BINANCE,16831.85,17041.0,16679.0,16950.65,207401.28414999976,5388661,16828.76
2023-01-07 00:00:00,BTC,USDT,BINANCE,16950.31,16981.91,16908.0,16943.57,104526.01275000018,3227141,16935.43
2023-01-08 00:00:00,BTC,USDT,BINANCE,16943.83,17176.99,16911.0,17127.83,135155.89694999997,4036092,16957.43
2023-01-09 00:00:00,BTC,USDT,BINANCE,17127.83,17398.8,17104.66,17178.26,266211.30303000007,6327647,17242.9
2023-01-10 00:00:00,BTC,USDT,BINANCE,17179.04,17499.0,17146.34,17440.66,221382.43245000034,5448757,17296.92
2023-01-11 00:00:00,BTC,USDT,BINANCE,17440.64,18000.0,17315.6,17943.26,262221.61723999976,5627471,17492.61
2023-01-12 00:00:00,BTC,USDT,BINANCE,17943.26,19117.04,17892.05,18846.62,454568.32841999916,8911377,18365.35
2023-01-13 00:00:00,BTC,USDT,BINANCE,18846.62,20000.0,18714.12,19930.01,368615.8895099995,8021778,19156.99
2023-01-14 00:00:00,BTC,USDT,BINANCE,19930.01,21258.0,19888.05,20954.92,393913.7670600003,8659556,20773.68
2023-01-15 00:00:00,BTC,USDT,BINANCE,20952.76,21050.74,20551.01,20871.5,178541.96757000004,5194346,20782.16
2023-01-16 00:00:00,BTC,USDT,BINANCE,20872.99,21474.05,20611.48,21185.65,293078.09231000004,6856440,21047.25
2023-01-17 00:00:00,BTC,USDT,BINANCE,21185.65,21299.04,20841.31,21121.76,42989.21940000002,1113913,21088.19
2023-01-18 00:00:00,BTC,USDT,BINANCE,21304.78,21305.39,20624.02,20677.47,94929.96172999992,1968065,20869.38
2023-01-19 00:00:00,BTC,USDT,BINANCE,20677.47,21192.0,20659.19,21071.59,251383.88413000002,5819880,20856.48
2023-01-20 00:00:00,BTC,USDT,BINANCE,21071.59,22755.93,20861.28,22667.21,338079.1408399999,7382438,21462.94
2023-01-21 00:00:00,BTC,USDT,BINANCE,22666.0,23371.8,22422.0,22783.55,346445.4843200005,7796520,22914.77
2023-01-22 00:00:00,BTC,USDT,BINANCE,22783.35,23078.71,22292.37,22707.88,253577.75285999954,6603827,22776.29
2023-01-23 00:00:00,BTC,USDT,BINANCE,22706.02,23180.0,22500.0,22916.45,293588.54777,7258653,22835.68
2023-01-24 00:00:00,BTC,USDT,BINANCE,22917.81,23162.2,22462.93,22632.89,293158.8281899999,7395596,22927.87
2023-01-25 00:00:00,BTC,USDT,BINANCE,22631.94,23816.73,22300.0,23060.94,344649.87453999993,8031443,22758.85
2023-01-26 00:00:00,BTC,USDT,BINANCE,23060.42,23282.47,22850.01,23009.65,288924.6147800005,7181103,23066.93
2023-01-27 00:00:00,BTC,USDT,BINANCE,23009.65,23500.0,22534.88,23074.16,280833.43009000027,7079044,23009.22
2023-01-28 00:00:00,BTC,USDT,BINANCE,23074.16,23189.0,22878.46,23022.6,148115.7108499998,4181816,23015.92
2023-01-29 00:00:00,BTC,USDT,BINANCE,23021.4,23960.54,22967.76,23742.3,295688.79204000026,7030837,23476.27
2023-01-30 00:00:00,BTC,USDT,BINANCE,23743.37,23800.51,22500.0,22826.15,302405.9012100002,7790224,23216.32
2023-01-31 00:00:00,BTC,USDT,BINANCE,22827.38,23320.0,22714.77,23125.13,264649.32494000025,6798411,22987.97
2023-02-01 00:00:00,BTC,USDT,BINANCE,23125.13,23812.66,22760.23,23732.66,311239.1135499999,7875747,23206.98
2023-02-02 00:00:00,BTC,USDT,BINANCE,23731.41,24255.0,23363.27,23488.94,364177.20843999967,9102301,23817.44
2023-02-03 00:00:00,BTC,USDT,BINANCE,23489.33,23715.7,23204.62,23431.9,332570.74662000034,8007820,23473.28
2023-02-04 00:00:00,BTC,USDT,BINANCE,23431.9,23587.78,23253.96,23326.84,166126.47295000023,4852404,23396.69
2023-02-05 00:00:00,BTC,USDT,BINANCE,23327.66,23433.33,22743.0,22932.91,209251.21423999994,5903909,23142.07
2023-02-06 00:00:00,BTC,USDT,BINANCE,22932.91,23158.25,22628.13,22762.52,265371.60757999995,6956396,22896.54
2023-02-07 00:00:00,BTC,USDT,BINANCE,22762.52,23350.25,22745.78,23240.46,308006.6197500001,8293873,23005.57
2023-02-08 00:00:00,BTC,USDT,BINANCE,23242.42,23452.0,22665.85,22963.0,280056.30717000033,7896433,23058.46
2023-02-09 00:00:00,BTC,USDT,BINANCE,22961.85,23011.39,21688.0,21796.35,403140.5740999999,9791253,22469.38
2023-02-10 00:00:00,BTC,USDT,BINANCE,21797.83,21938.16,21451.0,21625.19,338591.95010999945,6993681,21765.06
2023-02-11 00:00:00,BTC,USDT,BINANCE,21625.19,21906.32,21599.78,21862.55,177021.58433000004,4207940,21703.61
2023-02-12 00:00:00,BTC,USDT,BINANCE,21862.02,22090.0,21630.0,21783.54,204435.65162999992,4561903,21864.35
2023-02-13 00:00:00,BTC,USDT,BINANCE,21782.37,21894.99,21351.07,21773.97,295730.7437500003,6503607,21657.72
2023-02-14 00:00:00,BTC,USDT,BINANCE,21774.63,22319.08,21532.77,22199.84,363308.9295399999,7721968,21932.03
2023-02-15 00:00:00,BTC,USDT,BINANCE,22199.84,24380.0,22047.28,24324.05,375664.2427999999,8335425,22904.05
2023-02-16 00:00:00,BTC,USDT,BINANCE,24322.87,25250.0,23505.25,23517.72,450645.50810999965,11016507,24606.19
2023-02-17 00:00:00,BTC,USDT,BINANCE,23517.72,25021.11,23339.37,24569.97,496813.82539000013,10895065,24090.36
2023-02-18 00:00:00,BTC,USDT,BINANCE,24568.24,24877.0,24430.0,24631.95,216917.25213,6296097,24617.28
2023-02-19 00:00:00,BTC,USDT,BINANCE,24632.05,25192.0,24192.57,24271.76,301344.4059700005,7678061,24662.45
2023-02-20 00:00:00,BTC,USDT,BINANCE,24272.51,25121.23,23840.83,24842.2,346938.5941699996,9808746,24676.4
2023-02-21 00:00:00,BTC,USDT,BINANCE,24843.89,25250.0,24148.34,24452.16,376000.7869999995,10712368,24683.43
2023-02-22 00:00:00,BTC,USDT,BINANCE,24450.67,24476.05,23574.69,24182.21,379425.7651800001,11395961,23988.19
2023-02-23 00:00:00,BTC,USDT,BINANCE,24182.21,24599.59,23608.0,23940.2,398398.8409700006,11396825,24086.29
2023-02-24 00:00:00,BTC,USDT,BINANCE,23940.2,24132.35,22841.19,23185.29,343582.59809999994,11531432,23538.48
2023-02-25 00:00:00,BTC,USDT,BINANCE,23184.04,23219.13,22722.0,23157.07,191311.81009999992,9124568,23032.02
2023-02-26 00:00:00,BTC,USDT,BINANCE,23157.07,23689.99,23059.18,23554.85,202323.7362300001,9506015,23309.89
2023-02-27 00:00:00,BTC,USDT,BINANCE,23554.85,23897.99,23106.77,23492.09,283705.13838000013,11754181,23474.06
2023-02-28 00:00:00,BTC,USDT,BINANCE,23492.09,23600.0,23020.97,23141.57,255132.3083100001,9089382,23367.46
2023-03-01 00:00:00,BTC,USDT,BINANCE,23141.57,24000.0,23020.03,23628.97,315287.58440999984,9390500,23602.52
2023-03-02 00:00:00,BTC,USDT,BINANCE,23629.76,23796.93,23195.9,23465.32,239315.41386,7435803,23415.92
2023-03-03 00:00:00,BTC,USDT,BINANCE,23465.32,23476.95,21971.13,22354.34,319954.19784999965,8214639,22400.81
2023-03-04 00:00:00,BTC,USDT,BINANCE,22354.34,22410.0,22157.08,22346.57,121257.38131999985,4169260,22319.79
2023-03-05 00:00:00,BTC,USDT,BINANCE,22346.57,22662.09,22189.22,22430.24,154841.7562400001,4835976,22429.45
2023-03-06 00:00:00,BTC,USDT,BINANCE,22430.24,22602.19,22258.0,22410.0,203751.83866999962,6471284,22424.6
2023-03-07 00:00:00,BTC,USDT,BINANCE,22409.41,22557.91,21927.0,22197.96,292876.8630500002,7822699,22280.83
2023-03-08 00:00:00,BTC,USDT,BINANCE,22198.56,22287.0,21580.0,21705.44,301460.58254000015,8018965,22030.47
2023-03-09 00:00:00,BTC,USDT,BINANCE,21704.37,21834.99,20042.72,20362.22,446074.3638500001,10111542,21188.54
2023-03-10 00:00:00,BTC,USDT,BINANCE,20362.21,20367.78,19549.09,20150.69,618436.7086299999,12105902,19961.24
2023-03-11 00:00:00,BTC,USDT,BINANCE,20150.69,20686.51,19765.03,20455.73,427831.8213300005,10412300,20221.75
2023-03-12 00:00:00,BTC,USDT,BINANCE,20455.73,22150.0,20270.6,21997.11,431687.9041600002,9735756,20845.56
2023-03-13 00:00:00,BTC,USDT,BINANCE,21998.05,24500.0,21813.88,24113.48,699580.6887299998,15072538,23018.11
2023-03-14 00:00:00,BTC,USDT,BINANCE,24112.27,26386.87,23976.42,24670.41,718508.4439799993,15578228,24996.02
2023-03-15 00:00:00,BTC,USDT,BINANCE,24670.41,25196.97,23896.95,24285.66,581450.8527200002,12613054,24578.26
2023-03-16 00:00:00,BTC,USDT,BINANCE,24285.66,25167.4,24123.0,24998.78,439421.3299799998,10418081,24685.79
2023-03-17 00:00:00,BTC,USDT,BINANCE,24998.78,27756.84,24890.0,27395.13,624428.44397,13112929,26385.24
2023-03-18 00:00:00,BTC,USDT,BINANCE,27395.13,27724.85,26578.0,26907.49,371238.97174,9948603,27303.04
2023-03-19 00:00:00,BTC,USDT,BINANCE,26907.49,28390.1,26827.22,27972.87,372064.52075999964,9578192,27588.54
2023-03-20 00:00:00,BTC,USDT,BINANCE,27972.87,28472.0,27124.47,27717.01,477378.2376500002,11775954,27860.86
2023-03-21 00:00:00,BTC,USDT,BINANCE,27717.01,28438.55,27303.1,28105.47,420929.75184000045,11530874,27939.11
2023-03-22 00:00:00,BTC,USDT,BINANCE,28107.81,28868.05,26601.8,27250.97,227694.9078000003,3642899,27987.26
2023-03-23 00:00:00,BTC,USDT,BINANCE,27250.97,28750.0,27105.0,28295.41,128649.56734999995,2159091,27915.01
2023-03-24 00:00:00,BTC,USDT,BINANCE,28295.42,28374.3,27000.0,27454.47,86242.06544000005,1511137,27869.05
2023-03-25 00:00:00,BTC,USDT,BINANCE,27454.46,27787.33,27156.09,27462.95,50842.870169999995,1088695,27480.42
2023-03-26 00:00:00,BTC,USDT,BINANCE,27462.96,28194.4,27417.76,27968.05,49671.70353000015,1068196,27801.85
2023-03-27 00:00:00,BTC,USDT,BINANCE,27968.05,28023.86,26508.14,27124.91,88038.97923000006,1575263,27342.91
2023-03-28 00:00:00,BTC,USDT,BINANCE,27124.9,27520.0,26631.78,27261.07,78602.44341000004,1521981,27028.45
2023-03-29 00:00:00,BTC,USDT,BINANCE,27261.06,28650.0,27240.1,28348.6,89486.16991999994,1704222,28159.33
2023-03-30 00:00:00,BTC,USDT,BINANCE,28348.6,29184.68,27686.0,28028.53,98865.43255999996,1843652,28407.26
2023-03-31 00:00:00,BTC,USDT,BINANCE,28028.53,28656.69,27511.71,28465.36,78197.28427000003,1537334,28174.92
2023-04-01 00:00:00,BTC,USDT,BINANCE,28465.36,28819.71,28220.27,28452.73,30238.447530000052,822781,28467.01
2023-04-02 00:00:00,BTC,USDT,BINANCE,28452.74,28530.0,27856.43,28171.87,37365.656919999965,938464,28197.71
2023-04-03 00:00:00,BTC,USDT,BINANCE,28171.87,28500.99,27200.24,27800.0,79235.91260999996,1652696,27966.87
2023-04-04 00:00:00,BTC,USDT,BINANCE,27800.0,28444.44,27662.79,28165.47,49722.55690999994,1102007,28098.35
2023-04-05 00:00:00,BTC,USDT,BINANCE,28165.47,28775.0,27805.1,28170.01,60737.64732000008,1262730,28336.79
2023-04-06 00:00:00,BTC,USDT,BINANCE,28170.01,28182.05,27711.0,28033.82,40118.963370000005,934555,27984.55
2023-04-07 00:00:00,BTC,USDT,BINANCE,28033.83,28100.0,27766.94,27906.33,24762.04896,655631,27919.16
2023-04-08 00:00:00,BTC,USDT,BINANCE,27906.34,28154.99,27859.02,27938.38,19479.967349999988,624159,27994.4
2023-04-09 00:00:00,BTC,USDT,BINANCE,27938.38,28530.0,27800.0,28323.76,32531.019230000034,777585,28092.64
2023-04-10 00:00:00,BTC,USDT,BINANCE,28323.76,29770.0,28170.0,29637.34,67754.06973,1285700,28857.34
2023-04-11 00:00:00,BTC,USDT,BINANCE,29637.35,30550.0,29590.0,30200.42,67990.09794999995,1340467,30093.94
2023-04-12 00:00:00,BTC,USDT,BINANCE,30200.43,30486.0,29637.4,29888.07,62049.52360000001,1246568,30031.84
2023-04-13 00:00:00,BTC,USDT,BINANCE,29888.07,30595.0,29854.59,30373.84,51934.15474999999,1054172,30250.56
2023-04-14 00:00:00,BTC,USDT,BINANCE,30373.84,31000.0,29966.0,30218.17,68240.31624999999,1316442,30597.28
2023-04-15 00:00:00,BTC,USDT,BINANCE,30466.93,30595.6,30202.0,30295.09,25429.76087000004,732414,30366.56
2023-04-16 00:00:00,BTC,USDT,BINANCE,30295.1,30549.99,30120.0,30304.65,26431.993220000037,708233,30316.37
2023-04-17 00:00:00,BTC,USDT,BINANCE,29957.89,30004.33,29240.65,29430.27,40417.86231000007,804645,29574.59
2023-04-18 00:00:00,BTC,USDT,BINANCE,29430.27,30485.0,29096.78,30380.01,61920.677240000005,1139201,30013.71
2023-04-19 00:00:00,BTC,USDT,BINANCE,30380.01,30413.53,28520.0,28797.1,80900.72807000004,1590381,29359.98
2023-04-20 00:00:00,BTC,USDT,BINANCE,28797.1,29088.3,28010.0,28243.65,75854.2547800001,1418885,28598.71
2023-04-21 00:00:00,BTC,USDT,BINANCE,28243.65,28374.02,27125.0,27262.84,77684.7679,1463628,27865.86
2023-04-22 00:00:00,BTC,USDT,BINANCE,27262.84,27882.72,27140.35,27816.85,36023.69685999999,859500,27464.42
2023-04-23 00:00:00,BTC,USDT,BINANCE,27816.85,27816.85,27311.25,27590.6,34812.095809999955,873485,27559.33
2023-04-24 00:00:00,BTC,USDT,BINANCE,27590.59,28000.0,26942.82,27510.93,53111.56874000003,1211080,27460.59
2023-04-25 00:00:00,BTC,USDT,BINANCE,27510.93,28399.99,27192.0,28300.79,52324.79791,1087040,27640.81
2023-04-26 00:00:00,BTC,USDT,BINANCE,28300.8,30036.0,27235.0,28415.29,129228.4040300001,2261942,28782.96
2023-04-27 00:00:00,BTC,USDT,BINANCE,28415.29,29890.0,28378.86,29472.77,95425.25185999984,1989968,29181.46
2023-04-28 00:00:00,BTC,USDT,BINANCE,29472.77,29599.54,28891.0,29311.7,54298.16578000004,1129240,29295.83
2023-04-29 00:00:00,BTC,USDT,BINANCE,29311.69,29448.88,29031.0,29230.45,20466.83058000002,619319,29289.71
2023-04-30 00:00:00,BTC,USDT,BINANCE,29230.45,29969.39,29079.59,29233.21,39752.53719999997,949458,29485.41
2023-05-01 00:00:00,BTC,USDT,BINANCE,29233.2,29337.34,27666.95,28068.26,64433.50632999996,1362786,28375.29
2023-05-02 00:00:00,BTC,USDT,BINANCE,28068.26,28879.88,27872.0,28669.86,50824.52239999998,1174697,28365.46
2023-05-03 00:00:00,BTC,USDT,BINANCE,28669.85,29266.66,28113.69,29026.16,64615.67954999993,1502903,28568.6
2023-05-04 00:00:00,BTC,USDT,BINANCE,29026.16,29379.83,28663.64,28838.16,42575.475010000024,961542,28979.82
2023-05-05 00:00:00,BTC,USDT,BINANCE,28838.16,29677.0,28800.0,29505.61,58415.830480000106,1288027,29268.87
2023-05-06 00:00:00,BTC,USDT,BINANCE,29505.6,29820.0,28300.0,28848.2,49249.2845899999,1221021,29027.86
2023-05-07 00:00:00,BTC,USDT,BINANCE,28848.19,29138.29,28395.23,28430.1,30003.410280000062,855425,28858.01
2023-05-08 00:00:00,BTC,USDT,BINANCE,28430.09,28631.01,27262.0,27668.79,68244.36179000002,1600637,27885.75
2023-05-09 00:00:00,BTC,USDT,BINANCE,27668.8,27818.0,27353.0,27628.27,40112.912689999954,1003686,27595.1
2023-05-10 00:00:00,BTC,USDT,BINANCE,27628.28,28331.42,26777.0,27598.75,71155.00340999983,1534565,27703.36
2023-05-11 00:00:00,BTC,USDT,BINANCE,27598.74,27630.14,26702.05,26968.62,47635.256850000005,1256988,27203.4
2023-05-12 00:00:00,BTC,USDT,BINANCE,26968.61,27091.12,25811.46,26795.01,67207.55332999997,1351588,26439.26
2023-05-13 00:00:00,BTC,USDT,BINANCE,26795.01,27045.45,26692.03,26775.28,22814.904209999975,605049,26827.23
2023-05-14 00:00:00,BTC,USDT,BINANCE,26775.27,27200.0,26560.53,26917.62,21594.803599999963,629537,26895.53
2023-05-15 00:00:00,BTC,USDT,BINANCE,26917.61,27663.59,26726.0,27162.14,40429.475709999984,935879,27320.74
2023-05-16 00:00:00,BTC,USDT,BINANCE,27162.15,27296.89,26852.11,27033.84,33270.454510000025,815642,27059.84
2023-05-17 00:00:00,BTC,USDT,BINANCE,27033.85,27500.0,26544.71,27405.61,42957.96867999998,1016807,26996.09
2023-05-18 00:00:00,BTC,USDT,BINANCE,27405.62,27485.33,26361.2,26821.28,49198.65143000001,1057318,27049.39
2023-05-19 00:00:00,BTC,USDT,BINANCE,26821.28,27183.6,26630.0,26880.26,28754.13544000002,756295,26878.0
2023-05-20 00:00:00,BTC,USDT,BINANCE,26880.26,27150.0,26825.11,27102.43,14434.547180000001,481382,26964.52
2023-05-21 00:00:00,BTC,USDT,BINANCE,27102.42,27277.55,26666.03,26747.78,21347.866390000017,568935,26945.41
2023-05-22 00:00:00,BTC,USDT,BINANCE,26747.78,27099.89,26538.21,26849.27,26458.838279999978,717111,26818.96
2023-05-23 00:00:00,BTC,USDT,BINANCE,26849.28,27495.83,26798.11,27219.61,38700.83544000001,816396,27248.23
2023-05-24 00:00:00,BTC,USDT,BINANCE,27219.61,27219.61,26080.5,26329.01,54393.0657,1012767,26524.46
2023-05-25 00:00:00,BTC,USDT,BINANCE,26329.0,26631.98,25871.89,26473.79,37435.448949999925,753125,26287.91
2023-05-26 00:00:00,BTC,USDT,BINANCE,26473.8,26932.16,26327.24,26705.92,35061.18713000003,655755,26605.04
2023-05-27 00:00:00,BTC,USDT,BINANCE,26705.93,26895.0,26551.0,26854.27,15095.686699999986,415694,26718.7
2023-05-28 00:00:00,BTC,USDT,BINANCE,26854.28,28261.32,26764.36,28065.0,43916.00855000003,843861,27455.77
2023-05-29 00:00:00,BTC,USDT,BINANCE,28065.01,28447.14,27524.6,27736.4,42385.157970000015,805566,27903.53
2023-05-30 00:00:00,BTC,USDT,BINANCE,27736.39,28038.59,27554.0,27694.4,32686.75371000002,745633,27798.84
2023-05-31 00:00:00,BTC,USDT,BINANCE,27694.39,27835.51,26839.01,27210.35,46588.8057299999,908537,27172.96
2023-06-01 00:00:00,BTC,USDT,BINANCE,27210.36,27350.0,26605.05,26817.93,39217.80880000007,814389,26904.67
2023-06-02 00:00:00,BTC,USDT,BINANCE,26817.93,27300.0,26505.0,27242.59,39980.096559999925,902983,27059.26
2023-06-03 00:00:00,BTC,USDT,BINANCE,27242.59,27333.29,26914.93,27069.22,16595.231609999995,466515,27152.15
2023-06-04 00:00:00,BTC,USDT,BINANCE,27069.22,27455.02,26951.0,27115.21,19258.410489999987,504474,27195.46
2023-06-05 00:00:00,BTC,USDT,BINANCE,27115.2,27129.33,25388.0,25728.2,65805.43576999995,1420824,26179.42
2023-06-06 00:00:00,BTC,USDT,BINANCE,25728.2,27355.33,25351.02,27230.08,68392.60437999995,1345725,26283.17
2023-06-07 00:00:00,BTC,USDT,BINANCE,27230.07,27391.77,26125.01,26339.34,71836.93959,1551682,26655.66
2023-06-08 00:00:00,BTC,USDT,BINANCE,26339.34,26810.0,26210.0,26498.61,31074.86270999998,848242,26484.41
2023-06-09 00:00:00,BTC,USDT,BINANCE,26498.62,26783.33,26269.91,26477.81,27934.709700000003,746911,26532.05
2023-06-10 00:00:00,BTC,USDT,BINANCE,26477.8,26533.87,25358.0,25841.21,66945.49359000011,1757989,25769.81
2023-06-11 00:00:00,BTC,USDT,BINANCE,25841.22,26206.88,25634.7,25925.55,30014.29595000001,833902,25857.41
2023-06-12 00:00:00,BTC,USDT,BINANCE,25925.54,26106.48,25602.11,25905.19,29900.508930000058,858037,25862.68
2023-06-13 00:00:00,BTC,USDT,BINANCE,25905.2,26433.21,25712.57,25934.25,41065.608529999954,1007138,26030.39
2023-06-14 00:00:00,BTC,USDT,BINANCE,25934.24,26098.0,24820.56,25128.6,45077.31608000002,957418,25574.0
2023-06-15 00:00:00,BTC,USDT,BINANCE,25128.6,25759.01,24800.0,25598.49,48664.78937,943257,25160.35
2023-06-16 00:00:00,BTC,USDT,BINANCE,25598.49,26518.0,25175.56,26345.0,51596.916620000025,926194,25876.14
2023-06-17 00:00:00,BTC,USDT,BINANCE,26345.01,26839.99,26181.0,26516.99,27842.2195,666967,26524.02
2023-06-18 00:00:00,BTC,USDT,BINANCE,26516.99,26700.0,26255.85,26339.97,21538.310220000007,555956,26512.39
2023-06-19 00:00:00,BTC,USDT,BINANCE,26339.98,27068.09,26256.61,26844.35,35872.60316999999,732720,26599.57
2023-06-20 00:00:00,BTC,USDT,BINANCE,26844.35,28402.74,26652.0,28307.99,69666.95525000004,1189024,27454.6
2023-06-21 00:00:00,BTC,USDT,BINANCE,28308.0,30800.0,28257.99,29993.89,108926.40412000005,1872873,29472.38
2023-06-22 00:00:00,BTC,USDT,BINANCE,29993.89,30500.0,29525.61,29884.92,59054.56459999997,1146092,30071.46
2023-06-23 00:00:00,BTC,USDT,BINANCE,29884.92,31431.94,29800.0,30688.5,73931.89564000005,1338532,30638.75
2023-06-24 00:00:00,BTC,USDT,BINANCE,30688.51,30800.0,30250.0,30527.43,30513.301349999972,776343,30585.3
2023-06-25 00:00:00,BTC,USDT,BINANCE,30527.44,31046.01,30277.49,30462.66,30223.399490000025,789908,30649.49
2023-06-26 00:00:00,BTC,USDT,BINANCE,30462.67,30666.0,29930.0,30267.99,45167.16603000002,954180,30275.69
2023-06-27 00:00:00,BTC,USDT,BINANCE,30267.99,30994.97,30226.17,30692.44,42698.93823000004,824322,30590.47
2023-06-28 00:00:00,BTC,USDT,BINANCE,30692.44,30709.74,29858.8,30077.41,40463.51937000004,895470,30252.96
2023-06-29 00:00:00,BTC,USDT,BINANCE,30077.4,30843.98,30049.98,30447.31,36330.609029999985,758426,30496.64
2023-06-30 00:00:00,BTC,USDT,BINANCE,30447.31,31282.0,29500.0,30472.0,89419.07618000009,1559366,30487.57
2023-07-01 00:00:00,BTC,USDT,BINANCE,30471.99,30661.6,30320.57,30585.9,17501.43597999998,567970,30503.18
2023-07-02 00:00:00,BTC,USDT,BINANCE,30585.9,30791.0,30155.0,30617.03,23286.410190000006,591533,30534.0
2023-07-03 00:00:00,BTC,USDT,BINANCE,30617.02,31380.0,30570.27,31156.2,43761.643109999946,781855,30909.11
2023-07-04 00:00:00,BTC,USDT,BINANCE,31156.2,31350.69,30620.0,30766.51,33206.11943000004,779472,30982.8
2023-07-05 00:00:00,BTC,USDT,BINANCE,30766.52,30878.07,30200.0,30504.81,33215.671220000004,827926,30519.41
2023-07-06 00:00:00,BTC,USDT,BINANCE,30504.8,31500.0,29850.45,29895.43,78184.09329999976,1569255,30549.82
2023-07-07 00:00:00,BTC,USDT,BINANCE,29895.42,30449.0,29701.02,30344.7,34172.00213999999,915088,30157.49
2023-07-08 00:00:00,BTC,USDT,BINANCE,30344.7,30386.81,30044.47,30284.63,13094.590419999977,480214,30223.42
2023-07-09 00:00:00,BTC,USDT,BINANCE,30284.63,30445.52,30061.12,30160.71,18644.32722999998,562057,30249.81
2023-07-10 00:00:00,BTC,USDT,BINANCE,30160.71,31045.78,29950.0,30411.57,41262.876520000034,896853,30397.31
2023-07-11 00:00:00,BTC,USDT,BINANCE,30411.57,30813.63,30300.0,30622.1,28476.540540000005,691211,30515.07
2023-07-12 00:00:00,BTC,USDT,BINANCE,30622.1,30983.25,30210.0,30380.0,38108.99669000005,784195,30608.48
2023-07-13 00:00:00,BTC,USDT,BINANCE,30380.0,31804.2,30251.0,31454.23,70770.89123000005,1301529,31014.07
2023-07-14 00:00:00,BTC,USDT,BINANCE,31454.23,31630.0,29900.0,30312.01,60749.04336999994,1274360,30774.17
2023-07-15 00:00:00,BTC,USDT,BINANCE,30312.0,30390.9,30200.0,30289.52,14118.533019999964,488341,30309.1
2023-07-16 00:00:00,BTC,USDT,BINANCE,30289.52,30441.46,30064.29,30231.99,15760.128099999998,494225,30278.9
2023-07-17 00:00:00,BTC,USDT,BINANCE,30232.0,30336.96,29659.2,30138.0,30882.765860000014,816463,30103.53
2023-07-18 00:00:00,BTC,USDT,BINANCE,30138.01,30239.78,29512.0,29859.13,30003.85229999999,754771,29902.62
2023-07-19 00:00:00,BTC,USDT,BINANCE,29859.14,30189.09,29761.96,29909.21,25656.345179999975,617398,29982.17
2023-07-20 00:00:00,BTC,USDT,BINANCE,29909.21,30417.46,29570.96,29800.0,37540.68193,749723,29993.64
2023-07-21 00:00:00,BTC,USDT,BINANCE,29800.0,30061.7,29726.34,29901.72,23881.40336,555609,29860.76
2023-07-22 00:00:00,BTC,USDT,BINANCE,29901.72,29999.0,29625.1,29794.0,14660.404670000014,423988,29862.31
2023-07-23 00:00:00,BTC,USDT,BINANCE,29793.99,30350.0,29730.0,30083.75,18292.31748000003,519432,30007.62
2023-07-24 00:00:00,BTC,USDT,BINANCE,30083.75,30099.58,28861.9,29176.5,39628.99690999993,869107,29335.95
2023-07-25 00:00:00,BTC,USDT,BINANCE,29176.5,29376.0,29047.65,29228.91,21565.7478,533797,29191.4
2023-07-26 00:00:00,BTC,USDT,BINANCE,29228.91,29690.0,29096.94,29351.96,33931.63365999998,750401,29339.07
2023-07-27 00:00:00,BTC,USDT,BINANCE,29351.95,29567.49,29083.85,29222.78,22476.46649999998,583041,29346.23
2023-07-28 00:00:00,BTC,USDT,BINANCE,29222.78,29542.22,29123.12,29314.14,23993.616269999995,543177,29286.77
2023-07-29 00:00:00,BTC,USDT,BINANCE,29314.14,29406.92,29256.18,29352.9,10851.368439999998,339750,29330.63
2023-07-30 00:00:00,BTC,USDT,BINANCE,29352.9,29449.0,29033.24,29281.09,15706.974410000004,454846,29276.34
2023-07-31 00:00:00,BTC,USDT,BINANCE,29281.09,29530.0,29101.8,29232.25,22605.380980000013,563107,29330.22
2023-08-01 00:00:00,BTC,USDT,BINANCE,29232.26,29739.25,28585.7,29705.99,44719.65162000006,900141,29051.28
2023-08-02 00:00:00,BTC,USDT,BINANCE,29705.99,30047.5,28927.5,29186.01,48181.65140999996,945158,29467.22
2023-08-03 00:00:00,BTC,USDT,BINANCE,29186.0,29433.33,28968.0,29193.64,26476.918489999982,651969,29206.79
2023-08-04 00:00:00,BTC,USDT,BINANCE,29193.65,29333.08,28807.54,29113.99,23551.952169999993,544850,29155.52
2023-08-05 00:00:00,BTC,USDT,BINANCE,29114.0,29152.23,28978.64,29072.13,11645.51969999999,331923,29065.24
2023-08-06 00:00:00,BTC,USDT,BINANCE,29072.13,29205.09,28991.88,29088.42,13178.197199999975,338654,29079.18
2023-08-07 00:00:00,BTC,USDT,BINANCE,29088.43,29276.78,28701.03,29211.06,30966.806050000007,671435,29047.38
2023-08-08 00:00:00,BTC,USDT,BINANCE,29211.06,30244.0,29146.45,29770.42,45700.41114000001,877155,29603.81
2023-08-09 00:00:00,BTC,USDT,BINANCE,29770.41,30160.0,29376.67,29581.99,38003.63468000002,750234,29744.7
2023-08-10 00:00:00,BTC,USDT,BINANCE,29581.99,29738.0,29320.2,29455.75,23463.45372999999,513691,29529.9
2023-08-11 00:00:00,BTC,USDT,BINANCE,29455.76,29564.52,29252.45,29426.03,20636.988439999997,437817,29421.84
2023-08-12 00:00:00,BTC,USDT,BINANCE,29426.02,29481.35,29381.56,29430.17,8971.480679999984,310852,29421.02
2023-08-13 00:00:00,BTC,USDT,BINANCE,29430.18,29474.65,29272.32,29303.84,11101.704840000013,341723,29388.86
2023-08-14 00:00:00,BTC,USDT,BINANCE,29303.85,29695.32,29102.45,29430.93,31443.115319999983,671592,29405.91
2023-08-15 00:00:00,BTC,USDT,BINANCE,29430.92,29499.26,29059.6,29200.0,27503.876909999988,591162,29330.1
2023-08-16 00:00:00,BTC,USDT,BINANCE,29200.01,29259.85,28723.08,28730.51,32996.69854000004,768028,29091.23
2023-08-17 00:00:00,BTC,USDT,BINANCE,28730.51,28783.48,25166.0,26623.41,100271.30844000007,1976567,27480.81
2023-08-18 00:00:00,BTC,USDT,BINANCE,26623.41,26832.6,25619.0,26054.0,69790.65711000004,1293122,26282.04
2023-08-19 00:00:00,BTC,USDT,BINANCE,26054.0,26281.0,25801.09,26100.01,26160.73782999997,615759,26016.74
2023-08-20 00:00:00,BTC,USDT,BINANCE,26100.01,26299.0,25971.05,26189.99,19056.912090000005,451543,26125.66
2023-08-21 00:00:00,BTC,USDT,BINANCE,26190.0,26258.42,25812.0,26126.92,33383.438400000065,634686,26052.14
2023-08-22 00:00:00,BTC,USDT,BINANCE,26126.92,26139.42,25300.0,26056.0,44903.46415000005,769162,25853.77
2023-08-23 00:00:00,BTC,USDT,BINANCE,26055.99,26819.27,25812.82,26432.72,51131.748139999974,789035,26298.62
2023-08-24 00:00:00,BTC,USDT,BINANCE,26432.71,26577.87,25864.0,26180.05,34206.380700000016,655552,26279.96
2023-08-25 00:00:00,BTC,USDT,BINANCE,26180.05,26314.05,25777.15,26060.01,27753.291879999964,611436,26036.51
2023-08-26 00:00:00,BTC,USDT,BINANCE,26060.0,26125.77,25985.92,26017.37,10022.223219999967,329412,26046.24
2023-08-27 00:00:00,BTC,USDT,BINANCE,26017.38,26182.23,25966.11,26101.77,15634.017839999953,459383,26077.98
2023-08-28 00:00:00,BTC,USDT,BINANCE,26101.78,26253.99,25864.5,26120.0,22692.626549999968,523057,26044.21
2023-08-29 00:00:00,BTC,USDT,BINANCE,26120.0,28142.85,25922.0,27716.34,74251.99488000011,1137083,27249.75
2023-08-30 00:00:00,BTC,USDT,BINANCE,27716.34,27768.57,27017.24,27299.99,35448.258479999975,690292,27339.42
2023-08-31 00:00:00,BTC,USDT,BINANCE,27299.99,27587.51,25655.01,25940.78,46938.81181000006,879591,26629.7
2023-09-01 00:00:00,BTC,USDT,BINANCE,25940.77,26156.0,25333.75,25805.05,44249.218600000015,968129,25834.72
2023-09-02 00:00:00,BTC,USDT,BINANCE,25805.04,25987.5,25752.47,25869.51,19027.280669999986,668175,25830.78
2023-09-03 00:00:00,BTC,USDT,BINANCE,25869.52,26135.0,25800.0,25971.21,23119.13163000001,649106,25938.75
2023-09-04 00:00:00,BTC,USDT,BINANCE,25971.21,26108.02,25631.21,25826.02,26466.566230000022,705726,25859.66
2023-09-05 00:00:00,BTC,USDT,BINANCE,25826.03,25915.49,25562.62,25792.1,26838.25890999997,722561,25741.2
2023-09-06 00:00:00,BTC,USDT,BINANCE,25792.11,26040.0,25372.51,25759.95,29395.82336999999,713850,25707.46
2023-09-07 00:00:00,BTC,USDT,BINANCE,25759.95,26443.14,25615.38,26255.0,29697.819759999962,701864,25948.89
2023-09-08 00:00:00,BTC,USDT,BINANCE,26255.0,26445.5,25647.26,25910.5,28999.764710000003,646852,26006.49
2023-09-09 00:00:00,BTC,USDT,BINANCE,25910.5,25945.09,25796.64,25901.61,10980.62277,359038,25873.87
2023-09-10 00:00:00,BTC,USDT,BINANCE,25901.6,26033.66,25570.57,25841.61,18738.269139999993,489773,25807.51
2023-09-11 00:00:00,BTC,USDT,BINANCE,25841.6,25900.69,24901.0,25162.52,41682.31969999996,864137,25369.46
2023-09-12 00:00:00,BTC,USDT,BINANCE,25162.53,26567.0,25131.48,25840.1,67958.94876999996,1235034,25965.42
2023-09-13 00:00:00,BTC,USDT,BINANCE,25840.1,26405.22,25764.17,26222.0,29865.617370000076,681570,26111.67
2023-09-14 00:00:00,BTC,USDT,BINANCE,26222.0,26860.49,26126.77,26522.73,38333.17250000001,799278,26484.41
2023-09-15 00:00:00,BTC,USDT,BINANCE,26522.73,26888.0,26224.0,26600.0,26227.29369,654094,26506.95
2023-09-16 00:00:00,BTC,USDT,BINANCE,26599.99,26777.0,26445.0,26559.67,13960.933509999988,526416,26566.19
2023-09-17 00:00:00,BTC,USDT,BINANCE,26559.67,26623.25,26399.0,26527.51,12998.065189999988,476769,26519.75
2023-09-18 00:00:00,BTC,USDT,BINANCE,26527.5,27409.0,26377.35,26762.51,43000.43255999994,938705,26947.7
2023-09-19 00:00:00,BTC,USDT,BINANCE,26762.5,27483.57,26667.79,27210.26,36190.52186999996,898076,27121.29
2023-09-20 00:00:00,BTC,USDT,BINANCE,27210.25,27388.63,26800.0,27125.0,34207.21866999997,867288,27104.92
2023-09-21 00:00:00,BTC,USDT,BINANCE,27125.01,27159.6,26377.7,26568.08,34474.26916000002,823361,26708.16
2023-09-22 00:00:00,BTC,USDT,BINANCE,26568.08,26743.38,26468.77,26580.14,18198.229199999983,567149,26614.15
2023-09-23 00:00:00,BTC,USDT,BINANCE,26580.14,26632.81,26509.0,26575.96,9440.702600000013,421717,26573.6
2023-09-24 00:00:00,BTC,USDT,BINANCE,26575.97,26738.54,26122.08,26248.38,15706.657709999996,545045,26508.78
2023-09-25 00:00:00,BTC,USDT,BINANCE,26248.39,26446.15,25990.46,26304.81,26265.03344999999,873453,26203.27
2023-09-26 00:00:00,BTC,USDT,BINANCE,26304.8,26397.46,26088.34,26221.67,18495.350660000033,697727,26234.77
2023-09-27 00:00:00,BTC,USDT,BINANCE,26221.68,26850.0,26112.06,26372.99,38400.640630000016,1018504,26437.95
2023-09-28 00:00:00,BTC,USDT,BINANCE,26373.0,27308.48,26342.4,27021.39,44756.77021000002,1164104,26809.14
2023-09-29 00:00:00,BTC,USDT,BINANCE,27021.39,27244.89,26665.16,26906.96,28474.225900000005,878446,26961.8
2023-09-30 00:00:00,BTC,USDT,BINANCE,26906.96,27094.99,26886.31,26962.56,12804.623070000012,534908,26975.12
2023-10-01 00:00:00,BTC,USDT,BINANCE,26962.57,28065.51,26954.09,27992.57,24602.751859999986,883589,27427.96
2023-10-02 00:00:00,BTC,USDT,BINANCE,27992.58,28580.0,27281.44,27494.51,57071.142409999986,1464158,28050.97
2023-10-03 00:00:00,BTC,USDT,BINANCE,27494.51,27676.52,27160.5,27426.46,28956.995149999984,1203467,27457.28
2023-10-04 00:00:00,BTC,USDT,BINANCE,27426.45,27839.72,27202.0,27778.57,29815.91579999997,1188329,27516.07
2023-10-05 00:00:00,BTC,USDT,BINANCE,27778.57,28120.39,27352.0,27410.39,30681.31713999996,1210341,27684.84
2023-10-06 00:00:00,BTC,USDT,BINANCE,27410.39,28295.0,27175.94,27931.09,37983.21425999995,1326689,27719.67
2023-10-07 00:00:00,BTC,USDT,BINANCE,27931.1,28029.67,27842.08,27956.67,13348.838250000019,641623,27929.03
2023-10-08 00:00:00,BTC,USDT,BINANCE,27956.67,28095.14,27687.5,27917.05,19693.569209999998,822730,27919.98
2023-10-09 00:00:00,BTC,USDT,BINANCE,27917.06,27987.93,27260.0,27590.12,31756.93169000002,1167005,27588.73
2023-10-10 00:00:00,BTC,USDT,BINANCE,27590.12,27735.0,27298.0,27390.12,22612.74203999999,997445,27494.68
2023-10-11 00:00:00,BTC,USDT,BINANCE,27390.12,27477.39,26538.66,26875.52,37349.447060000064,1336479,26963.57
2023-10-12 00:00:00,BTC,USDT,BINANCE,26875.52,26947.04,26555.0,26759.63,23428.641119999975,1066082,26758.75
2023-10-13 00:00:00,BTC,USDT,BINANCE,26759.63,27130.0,26685.0,26862.0,24115.76499000001,1035322,26851.15
2023-10-14 00:00:00,BTC,USDT,BINANCE,26862.0,26989.58,26789.0,26852.48,10417.25576000001,517837,26884.19
2023-10-15 00:00:00,BTC,USDT,BINANCE,26852.48,27293.33,26808.25,27154.15,15274.6917,682942,27016.5
2023-10-16 00:00:00,BTC,USDT,BINANCE,27154.14,30000.0,27112.66,28500.78,78399.22445000005,2289339,28197.41
2023-10-17 00:00:00,BTC,USDT,BINANCE,28500.77,28613.65,28069.32,28395.91,38422.15298999999,1345773,28383.42
2023-10-18 00:00:00,BTC,USDT,BINANCE,28395.91,28982.36,28142.87,28320.0,32162.47591000001,1215235,28441.29
2023-10-19 00:00:00,BTC,USDT,BINANCE,28320.0,28916.89,28100.66,28713.71,35895.501790000046,1330256,28525.5
2023-10-20 00:00:00,BTC,USDT,BINANCE,28713.71,30207.55,28578.29,29669.04,59422.09919999993,1915748,29506.24
2023-10-21 00:00:00,BTC,USDT,BINANCE,29669.05,30379.99,29464.77,29909.8,27526.47621999999,1152950,29869.53
2023-10-22 00:00:00,BTC,USDT,BINANCE,29909.8,30248.0,29640.0,29992.46,22852.545630000048,1008299,29923.67
2023-10-23 00:00:00,BTC,USDT,BINANCE,29992.46,34741.91,29883.6,33069.99,93512.49902999999,2839864,31458.53
2023-10-24 00:00:00,BTC,USDT,BINANCE,33069.99,35280.0,32832.34,33922.73,115265.02417999998,2850160,34122.65
2023-10-25 00:00:00,BTC,USDT,BINANCE,33922.73,35132.85,33679.05,34496.05,54887.02529000006,1643976,34400.84
2023-10-26 00:00:00,BTC,USDT,BINANCE,34496.05,34824.13,33751.0,34151.66,39744.662549999994,1382785,34296.37
2023-10-27 00:00:00,BTC,USDT,BINANCE,34151.66,34245.0,33390.95,33892.02,32330.361020000022,1112234,33928.08
2023-10-28 00:00:00,BTC,USDT,BINANCE,33892.01,34493.33,33860.0,34081.0,16880.131439999957,607438,34119.23
2023-10-29 00:00:00,BTC,USDT,BINANCE,34081.01,34750.11,33930.0,34525.89,20684.43281000003,717455,34402.43
2023-10-30 00:00:00,BTC,USDT,BINANCE,34525.88,34856.0,34062.84,34474.73,33657.95976000001,1117727,34458.18
2023-10-31 00:00:00,BTC,USDT,BINANCE,34474.74,34720.49,34025.0,34639.77,32737.865539999962,1179051,34377.83
2023-11-01 00:00:00,BTC,USDT,BINANCE,34639.78,35582.0,34097.39,35421.43,53473.28164999998,1624635,34714.77
2023-11-02 00:00:00,BTC,USDT,BINANCE,35421.43,35984.99,34300.0,34941.59,47936.93981000001,1447299,35118.15
2023-11-03 00:00:00,BTC,USDT,BINANCE,34941.58,34946.5,34120.0,34716.78,39071.206439999965,1237373,34501.41
2023-11-04 00:00:00,BTC,USDT,BINANCE,34716.78,35255.0,34585.18,35062.07,18377.555450000007,794787,34822.8
2023-11-05 00:00:00,BTC,USDT,BINANCE,35062.06,35380.0,34448.0,35011.88,24527.574700000026,1038460,35035.19
2023-11-06 00:00:00,BTC,USDT,BINANCE,35011.89,35276.33,34725.9,35046.09,22346.47085999996,988246,35013.11
2023-11-07 00:00:00,BTC,USDT,BINANCE,35046.09,35888.0,34523.06,35399.12,38688.736920000025,1352796,35100.87
2023-11-08 00:00:00,BTC,USDT,BINANCE,35399.13,36106.0,35100.0,35624.72,33401.34136999999,1132568,35490.02
2023-11-09 00:00:00,BTC,USDT,BINANCE,35624.72,37972.24,35534.05,36701.09,81972.56648999991,2121039,36751.99
2023-11-10 00:00:00,BTC,USDT,BINANCE,36701.1,37526.0,36324.71,37301.63,43414.04557999991,1297725,36971.38
2023-11-11 00:00:00,BTC,USDT,BINANCE,37301.63,37408.26,36666.93,37130.0,22984.97234999998,923300,37065.59
2023-11-12 00:00:00,BTC,USDT,BINANCE,37129.99,37222.22,36731.1,37064.13,17687.18874000001,810885,37064.9
2023-11-13 00:00:00,BTC,USDT,BINANCE,37064.13,37417.99,36333.0,36462.93,32823.10092999995,1218742,36833.31
2023-11-14 00:00:00,BTC,USDT,BINANCE,36462.93,36744.0,34800.0,35551.19,45660.43764999999,1407823,36021.94
2023-11-15 00:00:00,BTC,USDT,BINANCE,35551.2,37980.0,35360.0,37858.2,53690.43617999995,1549373,36650.91
2023-11-16 00:00:00,BTC,USDT,BINANCE,37858.2,37929.54,35500.0,36163.51,47507.51962,1543166,36735.42
2023-11-17 00:00:00,BTC,USDT,BINANCE,36163.51,36800.0,35861.1,36613.92,38338.14606000003,1351558,36339.93
2023-11-18 00:00:00,BTC,USDT,BINANCE,36613.91,36845.49,36178.58,36568.1,17158.271899999992,786633,36511.84
2023-11-19 00:00:00,BTC,USDT,BINANCE,36568.11,37500.0,36384.02,37359.86,21246.341430000015,862398,36783.33
2023-11-20 00:00:00,BTC,USDT,BINANCE,37359.85,37750.0,36677.0,37448.78,36022.70290999997,1485050,37302.06
2023-11-21 00:00:00,BTC,USDT,BINANCE,37448.79,37649.44,35735.0,35741.65,47646.54803999996,1936895,36872.76
2023-11-22 00:00:00,BTC,USDT,BINANCE,35741.65,37861.1,35632.01,37408.34,45051.29089000004,1648371,36782.09
2023-11-23 00:00:00,BTC,USDT,BINANCE,37408.35,37653.44,36870.0,37294.28,23827.92882,992284,37302.78
2023-11-24 00:00:00,BTC,USDT,BINANCE,37294.27,38414.0,37251.51,37713.57,44680.80646000003,1379414,37794.2
2023-11-25 00:00:00,BTC,USDT,BINANCE,37713.57,37888.0,37591.1,37780.67,11396.130159999992,569446,37746.6
2023-11-26 00:00:00,BTC,USDT,BINANCE,37780.67,37814.63,37150.0,37447.43,21264.537230000013,848020,37496.1
2023-11-27 00:00:00,BTC,USDT,BINANCE,37447.42,37569.23,36707.0,37242.7,30001.073759999974,1238017,37085.19
2023-11-28 00:00:00,BTC,USDT,BINANCE,37242.7,38377.0,36868.41,37818.87,37544.46667,1272779,37671.32
2023-11-29 00:00:00,BTC,USDT,BINANCE,37818.88,38450.0,37570.0,37854.64,32988.86585000004,1131260,37963.41
2023-11-30 00:00:00,BTC,USDT,BINANCE,37854.65,38145.85,37500.0,37723.96,24740.024899999993,1007738,37772.63
2023-12-01 00:00:00,BTC,USDT,BINANCE,37723.97,38999.0,37615.86,38682.52,43415.660679999986,1523415,38459.15
2023-12-02 00:00:00,BTC,USDT,BINANCE,38682.51,39717.14,38641.61,39450.35,26696.921609999998,1034690,39083.68
2023-12-03 00:00:00,BTC,USDT,BINANCE,39450.35,40250.0,39274.86,39972.26,26710.563740000005,1151517,39681.41
2023-12-04 00:00:00,BTC,USDT,BINANCE,39972.26,42420.0,39972.26,41991.1,78829.0864300001,2104993,41447.21
2023-12-05 00:00:00,BTC,USDT,BINANCE,41991.1,44488.0,41414.0,44073.32,67490.74643999999,2072700,42823.72
2023-12-06 00:00:00,BTC,USDT,BINANCE,44073.82,44297.21,43335.28,43762.69,51431.104920000034,1876282,43883.26
2023-12-07 00:00:00,BTC,USDT,BINANCE,43762.69,44047.33,42821.1,43273.14,47102.43566999996,1414737,43456.95
2023-12-08 00:00:00,BTC,USDT,BINANCE,43273.15,44700.0,43081.1,44170.99,42900.37555999988,1311268,43719.54
2023-12-09 00:00:00,BTC,USDT,BINANCE,44171.0,44358.02,43584.51,43713.6,24925.748799999976,987342,43989.88
2023-12-10 00:00:00,BTC,USDT,BINANCE,43713.59,44049.0,43563.0,43789.51,18956.61758000003,830667,43809.83
2023-12-11 00:00:00,BTC,USDT,BINANCE,43789.5,43804.5,40222.0,41253.4,75596.27219,2039801,41822.57
2023-12-12 00:00:00,BTC,USDT,BINANCE,41253.41,42104.12,40680.0,41492.39,42722.65887,1526407,41522.61
2023-12-13 00:00:00,BTC,USDT,BINANCE,41492.38,43475.2,40555.0,42869.03,45865.96102999997,1724653,41854.87
2023-12-14 00:00:00,BTC,USDT,BINANCE,42869.03,43420.0,41400.0,43022.26,42047.05709000003,1599536,42778.31
2023-12-15 00:00:00,BTC,USDT,BINANCE,43022.26,43080.81,41666.0,41940.3,33317.86945000001,1320457,42396.29
2023-12-16 00:00:00,BTC,USDT,BINANCE,41940.29,42724.43,41605.0,42278.03,24118.857470000003,1180886,42310.15
2023-12-17 00:00:00,BTC,USDT,BINANCE,42278.02,42424.07,41252.0,41374.65,27722.114520000017,1227634,41914.58
2023-12-18 00:00:00,BTC,USDT,BINANCE,41374.64,42757.81,40542.93,42657.8,46734.092499999955,1741647,41426.12
2023-12-19 00:00:00,BTC,USDT,BINANCE,42657.8,43268.74,41811.1,42275.99,34599.35023999999,1413699,42651.72
2023-12-20 00:00:00,BTC,USDT,BINANCE,42275.99,44283.0,42206.0,43668.93,48803.57604,1937529,43438.48
2023-12-21 00:00:00,BTC,USDT,BINANCE,43668.92,44242.35,43286.72,43861.8,34749.77844999999,1529093,43741.65
2023-12-22 00:00:00,BTC,USDT,BINANCE,43861.79,44398.26,43412.54,43969.04,31434.132229999967,1342388,43806.3
2023-12-23 00:00:00,BTC,USDT,BINANCE,43969.04,43988.68,43291.1,43702.16,16172.917299999988,829550,43661.61
2023-12-24 00:00:00,BTC,USDT,BINANCE,43702.15,43946.0,42500.0,42991.5,24400.404259999996,1104813,43494.35
2023-12-25 00:00:00,BTC,USDT,BINANCE,42991.5,43802.32,42720.43,43576.13,27050.99549999998,1169716,43375.03
2023-12-26 00:00:00,BTC,USDT,BINANCE,43576.12,43592.68,41637.6,42508.93,41108.61287999999,1479763,42583.85
2023-12-27 00:00:00,BTC,USDT,BINANCE,42508.93,43677.0,42098.69,43428.85,36161.61170000002,1438449,42940.04
2023-12-28 00:00:00,BTC,USDT,BINANCE,43428.86,43787.57,42241.79,42563.76,34441.496340000056,1362100,42900.2
2023-12-29 00:00:00,BTC,USDT,BINANCE,42563.76,43111.0,41300.0,42066.95,42661.65269000002,1573465,42330.38
2023-12-30 00:00:00,BTC,USDT,BINANCE,42066.94,42612.32,41520.3,42140.28,22945.57135,937848,42122.05
2023-12-31 00:00:00,BTC,USDT,BINANCE,42140.29,42899.0,41965.84,42283.58,23589.79822999999,1016956,42462.7
2024-01-01 00:00:00,BTC,USDT,BINANCE,42283.58,44184.1,42180.77,44179.55,27173.63350000002,1114613,43054.79
2024-01-02 00:00:00,BTC,USDT,BINANCE,44179.55,45879.63,44148.34,44946.91,65146.40661000016,2247532,45195.56
2024-01-03 00:00:00,BTC,USDT,BINANCE,44946.91,45500.0,40750.0,42845.23,79228.41304999997,2604688,43231.33
2024-01-04 00:00:00,BTC,USDT,BINANCE,42845.23,44729.58,42613.77,44151.1,48038.06334000004,1819944,43613.3
2024-01-05 00:00:00,BTC,USDT,BINANCE,44151.1,44357.46,42450.0,44145.11,48075.25327000003,2064845,43698.63
2024-01-06 00:00:00,BTC,USDT,BINANCE,44145.12,44214.42,43397.05,43968.32,17835.06143999997,956642,43802.14
2024-01-07 00:00:00,BTC,USDT,BINANCE,43968.32,44480.59,43572.09,43929.02,23023.721580000023,1109254,44069.53
2024-01-08 00:00:00,BTC,USDT,BINANCE,43929.01,47248.99,43175.0,46951.04,72814.5758900001,2364464,45302.49
2024-01-09 00:00:00,BTC,USDT,BINANCE,46951.04,47972.0,44748.67,46110.0,69927.46859000002,2637737,46497.47
2024-01-10 00:00:00,BTC,USDT,BINANCE,46110.0,47695.93,44300.36,46653.99,89911.41202999995,3133588,45865.61
2024-01-11 00:00:00,BTC,USDT,BINANCE,46654.0,48969.48,45606.06,46339.16,87470.32128999986,2998445,46932.44
2024-01-12 00:00:00,BTC,USDT,BINANCE,46339.16,46515.53,41500.0,42782.73,86327.93706999996,2809192,44337.8
2024-01-13 00:00:00,BTC,USDT,BINANCE,42782.74,43257.0,42436.12,42847.99,36118.47463999994,1434243,42841.11
2024-01-14 00:00:00,BTC,USDT,BINANCE,42847.99,43079.0,41720.0,41732.35,28228.408939999976,1235727,42587.6
2024-01-15 00:00:00,BTC,USDT,BINANCE,41732.35,43400.43,41718.05,42511.1,40269.874080000045,1657608,42685.71
2024-01-16 00:00:00,BTC,USDT,BINANCE,42511.1,43578.01,42050.0,43137.95,45045.74589,1716580,42890.83
2024-01-17 00:00:00,BTC,USDT,BINANCE,43137.94,43198.0,42200.69,42776.1,33266.21387999998,1438172,42682.71
2024-01-18 00:00:00,BTC,USDT,BINANCE,42776.09,42930.0,40683.28,41327.5,43907.51363999992,1466085,41895.56
2024-01-19 00:00:00,BTC,USDT,BINANCE,41327.51,42196.86,40280.0,41659.03,48342.74558999998,1641428,41244.77
2024-01-20 00:00:00,BTC,USDT,BINANCE,41659.03,41872.56,41456.3,41696.04,15923.955290000004,807301,41620.57
2024-01-21 00:00:00,BTC,USDT,BINANCE,41696.05,41881.39,41500.98,41580.33,11730.163010000007,657817,41700.06
2024-01-22 00:00:00,BTC,USDT,BINANCE,41580.32,41689.65,39431.58,39568.02,55426.19910999999,2147250,40550.73
2024-01-23 00:00:00,BTC,USDT,BINANCE,39568.02,40176.74,38555.0,39897.6,57916.94063000001,2042673,39271.02
2024-01-24 00:00:00,BTC,USDT,BINANCE,39897.59,40555.0,39484.19,40084.88,39293.82860999999,1675615,39948.46
2024-01-25 00:00:00,BTC,USDT,BINANCE,40084.89,40300.24,39550.0,39961.09,31022.118529999992,1291233,39933.91
2024-01-26 00:00:00,BTC,USDT,BINANCE,39961.09,42246.82,39822.52,41823.51,47384.96726000005,1624861,41187.14
2024-01-27 00:00:00,BTC,USDT,BINANCE,41823.51,42200.0,41394.34,42120.63,16224.277169999992,751134,41815.3
2024-01-28 00:00:00,BTC,USDT,BINANCE,42120.63,42842.68,41620.81,42031.06,27294.88671000002,1032491,42291.5
2024-01-29 00:00:00,BTC,USDT,BINANCE,42031.05,43333.0,41804.88,43302.7,31542.742069999967,1197856,42591.12
2024-01-30 00:00:00,BTC,USDT,BINANCE,43302.71,43882.36,42683.99,42941.1,37619.152199999975,1316571,43415.43
2024-01-31 00:00:00,BTC,USDT,BINANCE,42941.1,43745.11,42276.84,42580.0,39882.91811999999,1500241,42930.74
2024-02-01 00:00:00,BTC,USDT,BINANCE,42580.0,43285.13,41884.28,43082.94,35231.04664,1392269,42494.59
2024-02-02 00:00:00,BTC,USDT,BINANCE,43082.95,43488.0,42546.79,43200.0,29672.144180000018,1086342,43068.11
2024-02-03 00:00:00,BTC,USDT,BINANCE,43199.99,43380.01,42880.0,43011.09,12033.377620000001,609960,43111.11
2024-02-04 00:00:00,BTC,USDT,BINANCE,43011.1,43119.04,42222.0,42582.88,17066.89403999997,931235,42832.64
2024-02-05 00:00:00,BTC,USDT,BINANCE,42582.88,43569.76,42258.1,42708.7,29467.759049999975,1317397,42847.32
2024-02-06 00:00:00,BTC,USDT,BINANCE,42708.7,43399.98,42574.0,43098.95,24675.854329999987,1120760,42999.38
2024-02-07 00:00:00,BTC,USDT,BINANCE,43098.96,44396.5,42788.0,44349.6,34366.036149999985,1377068,43497.65
2024-02-08 00:00:00,BTC,USDT,BINANCE,44349.6,45614.3,44331.1,45288.65,45439.62231000008,1863650,44958.12
2024-02-09 00:00:00,BTC,USDT,BINANCE,45288.66,48200.0,45242.12,47132.77,73503.47210999999,2323882,46977.42
2024-02-10 00:00:00,BTC,USDT,BINANCE,47132.78,48170.0,46800.0,47751.09,24802.35936000002,1323421,47418.02
2024-02-11 00:00:00,BTC,USDT,BINANCE,47751.08,48592.66,47557.16,48299.99,29958.42691000001,1407256,48177.42
2024-02-12 00:00:00,BTC,USDT,BINANCE,48300.0,50334.82,47710.01,49917.27,59009.967050000036,1939394,49114.13
2024-02-13 00:00:00,BTC,USDT,BINANCE,49917.28,50368.61,48300.95,49699.59,55551.56706000003,1741811,49412.74
2024-02-14 00:00:00,BTC,USDT,BINANCE,49699.6,52043.71,49225.01,51795.17,57046.37400999998,1859392,51181.19
2024-02-15 00:00:00,BTC,USDT,BINANCE,51795.17,52816.62,51314.0,51880.0,53816.01724999997,1786560,52081.59
2024-02-16 00:00:00,BTC,USDT,BINANCE,51880.01,52572.08,51566.0,52124.11,37772.253180000036,1583711,52022.71
2024-02-17 00:00:00,BTC,USDT,BINANCE,52124.1,52162.82,50625.0,51642.64,25674.006220000032,1427773,51412.07
2024-02-18 00:00:00,BTC,USDT,BINANCE,51642.64,52377.0,51163.28,52137.67,21992.103630000034,1375422,51800.57
2024-02-19 00:00:00,BTC,USDT,BINANCE,52137.68,52488.77,51677.0,51774.73,29534.66287,1542978,52127.58
2024-02-20 00:00:00,BTC,USDT,BINANCE,51774.74,52985.0,50760.37,52258.82,49491.003330000014,1969199,51898.4
2024-02-21 00:00:00,BTC,USDT,BINANCE,52258.82,52366.8,50625.0,51849.39,43079.40048999995,1824860,51308.07
2024-02-22 00:00:00,BTC,USDT,BINANCE,51849.38,51910.32,51153.69,51811.07,8970.871770000003,513036,51593.21
